City_ID,City,Country,Date,Lat,Lng,Max Temp,Humidity,Cloudiness,Wind Speed
0,Vaini,TO,2022-01-25 02:15:57,-21.2,-175.2,86.16,84,20,10.36
1,Cape Town,ZA,2022-01-25 02:12:42,-33.9258,18.4232,69.89,87,14,4.0
2,Rikitea,PF,2022-01-25 02:11:40,-23.1203,-134.9692,78.48,72,100,18.61
3,Synya,RU,2022-01-25 02:15:57,65.3718,58.0387,15.91,91,100,14.85
4,Vao,NC,2022-01-25 02:15:57,-22.6667,167.4833,77.38,67,15,6.44
5,Tiksi,RU,2022-01-25 02:15:58,71.6872,128.8694,-8.16,97,100,9.22
6,Husavik,IS,2022-01-25 02:15:58,66.0449,-17.3389,39.11,80,100,10.54
7,Tabas,IR,2022-01-25 02:15:58,33.5959,56.9244,41.27,26,0,1.03
8,Qaanaaq,GL,2022-01-25 02:15:59,77.484,-69.3632,-15.59,64,17,7.72
9,Flers,FR,2022-01-25 02:15:59,48.7372,-0.5747,28.65,86,0,1.32
10,Frontera,MX,2022-01-25 02:15:59,26.9333,-101.45,62.33,48,98,1.99
11,Mataura,NZ,2022-01-25 02:16:00,-46.1927,168.8643,60.48,47,100,5.06
12,Nome,US,2022-01-25 02:16:00,64.5011,-165.4064,17.67,74,100,11.5
13,Kapaa,US,2022-01-25 02:16:00,22.0752,-159.319,78.78,65,40,1.01
14,Busselton,AU,2022-01-25 02:16:00,-33.65,115.3333,74.08,51,43,13.69
15,Ponta Do Sol,PT,2022-01-25 02:16:01,32.6667,-17.1,61.43,62,66,8.9
16,Akdepe,TM,2022-01-25 02:16:01,42.0551,59.3788,15.89,82,5,9.69
17,Nikolskoye,RU,2022-01-25 02:16:01,59.7035,30.7861,33.71,96,100,9.62
18,Pestovo,RU,2022-01-25 02:16:02,58.5938,35.8024,18.9,93,100,10.47
19,Hudson Bay,CA,2022-01-25 02:16:02,52.85,-102.3842,-16.67,96,8,4.68
20,Arraial Do Cabo,BR,2022-01-25 02:16:03,-22.9661,-42.0278,75.52,90,25,21.18
21,Jamestown,US,2022-01-25 02:11:03,42.097,-79.2353,24.3,65,100,8.01
22,Mar Del Plata,AR,2022-01-25 02:16:03,-38.0023,-57.5575,71.87,86,0,4.0
23,Tuatapere,NZ,2022-01-25 02:16:03,-46.1333,167.6833,60.82,65,100,9.44
24,Bluff,NZ,2022-01-25 02:16:04,-46.6,168.3333,60.8,73,100,14.79
25,Belaya Gora,RU,2022-01-25 02:16:04,68.5333,146.4167,-16.89,98,100,3.87
26,Krasnoselkup,RU,2022-01-25 02:16:05,65.7,82.4667,-10.26,99,62,9.06
27,Canakkale,TR,2022-01-25 02:16:05,40.0833,26.8333,29.01,90,100,16.33
28,Tupik,RU,2022-01-25 02:16:05,54.4253,119.9327,-7.71,94,80,1.54
29,Kenai,US,2022-01-25 02:12:24,60.5544,-151.2583,36.03,99,100,3.44
30,Lixourion,GR,2022-01-25 02:16:06,38.2019,20.4314,39.15,49,100,13.44
31,Caravelas,BR,2022-01-25 02:16:06,-17.7125,-39.2481,74.21,90,94,3.29
32,Saint-Pierre,RE,2022-01-25 02:16:06,-21.3393,55.4781,73.04,68,20,9.22
33,Sioux Lookout,CA,2022-01-25 02:12:32,50.1001,-91.917,-15.84,98,90,6.06
34,Sabang,ID,2022-01-25 02:16:07,5.8933,95.3214,80.31,75,87,6.58
35,Igrim,RU,2022-01-25 02:16:07,63.1906,64.4162,-4.94,99,14,5.41
36,Port Hedland,AU,2022-01-25 02:11:11,-20.3167,118.5667,91.45,66,55,11.5
37,Ushuaia,AR,2022-01-25 02:11:19,-54.8,-68.3,42.46,87,100,31.07
38,Necochea,AR,2022-01-25 02:16:08,-38.5473,-58.7368,64.04,79,0,6.55
39,Salalah,OM,2022-01-25 02:16:08,17.0151,54.0924,68.09,34,0,10.36
40,Broken Hill,AU,2022-01-25 02:16:09,-31.95,141.4333,84.76,44,47,8.23
41,Sayyan,YE,2022-01-25 02:16:09,15.1718,44.3244,48.02,42,83,3.78
42,Takoradi,GH,2022-01-25 02:16:09,4.8845,-1.7554,78.35,83,0,3.02
43,Carnarvon,AU,2022-01-25 02:16:10,-24.8667,113.6333,89.67,31,0,20.71
44,Pangnirtung,CA,2022-01-25 02:16:10,66.1451,-65.7125,-2.54,100,100,7.18
45,Buala,SB,2022-01-25 02:16:10,-8.145,159.5921,84.2,78,100,6.91
46,Punta Arenas,CL,2022-01-25 02:17:11,-53.15,-70.9167,46.51,71,20,33.38
47,Saint-Philippe,RE,2022-01-25 02:17:11,-21.3585,55.7679,72.95,72,54,14.2
48,Chokurdakh,RU,2022-01-25 02:17:11,70.6333,147.9167,-19.03,99,100,5.3
49,Bambous Virieux,MU,2022-01-25 02:17:12,-20.3428,57.7575,77.25,61,20,11.5
50,Yellowknife,CA,2022-01-25 02:17:12,62.456,-114.3525,-9.58,83,20,13.8
51,Gwadar,PK,2022-01-25 02:17:12,25.1216,62.3254,63.68,26,0,4.63
52,Mikkeli,FI,2022-01-25 02:17:13,61.6886,27.2723,32.11,93,0,8.05
53,Truth Or Consequences,US,2022-01-25 02:17:13,33.1284,-107.2528,52.16,27,0,0.0
54,Waitati,NZ,2022-01-25 02:17:14,-45.75,170.5667,61.81,71,74,5.59
55,Castro,BR,2022-01-25 02:17:14,-24.7911,-50.0119,65.07,79,69,5.46
56,Kahului,US,2022-01-25 02:17:14,20.8947,-156.47,78.96,74,20,23.02
57,Maumere,ID,2022-01-25 02:17:14,-8.6199,122.2111,84.9,72,60,11.34
58,Albany,US,2022-01-25 02:16:06,42.6001,-73.9662,26.55,78,100,4.21
59,Marawi,PH,2022-01-25 02:17:15,7.9986,124.2928,67.64,95,99,3.2
60,Masvingo,ZW,2022-01-25 02:17:15,-20.0637,30.8277,62.98,96,100,9.62
61,Tasiilaq,GL,2022-01-25 02:17:16,65.6145,-37.6368,23.16,91,100,9.66
62,Kungurtug,RU,2022-01-25 02:17:16,50.5994,97.5228,-11.96,99,100,0.89
63,Walvis Bay,NA,2022-01-25 02:17:16,-22.9575,14.5053,73.09,44,6,11.1
64,Susanville,US,2022-01-25 02:17:17,40.4163,-120.653,36.66,83,79,3.0
65,Neiafu,TO,2022-01-25 02:17:17,-18.65,-173.9833,86.68,70,20,9.22
66,Takaka,NZ,2022-01-25 02:17:17,-40.85,172.8,68.56,96,100,2.3
67,Saskylakh,RU,2022-01-25 02:17:18,71.9167,114.0833,1.67,93,81,12.26
68,Laguna,US,2022-01-25 02:17:18,38.421,-121.4238,57.24,72,0,0.0
69,Cascais,PT,2022-01-25 02:17:18,38.6979,-9.4215,54.05,55,7,7.0
70,Gimli,CA,2022-01-25 02:17:18,50.6336,-96.9907,-12.98,77,90,5.75
71,Ninh Binh,VN,2022-01-25 02:17:19,20.2539,105.975,67.71,92,100,7.14
72,Saint-Joseph,RE,2022-01-25 02:17:19,-21.3667,55.6167,71.96,72,24,14.92
73,Labytnangi,RU,2022-01-25 02:15:01,66.6572,66.4183,-15.38,100,100,4.16
74,Hobart,AU,2022-01-25 02:15:15,-42.8794,147.3294,66.06,81,75,9.22
75,Kodiak,US,2022-01-25 02:17:20,57.79,-152.4072,38.71,87,100,4.61
76,Teguise,ES,2022-01-25 02:17:20,29.0605,-13.564,59.22,77,75,4.61
77,Bako,ET,2022-01-25 02:17:20,5.7833,36.5667,68.38,46,99,3.31
78,Luderitz,NA,2022-01-25 02:17:21,-26.6481,15.1594,74.17,65,2,14.58
79,Tairua,NZ,2022-01-25 02:17:21,-37.0167,175.85,74.08,82,81,11.32
80,Atar,MR,2022-01-25 02:17:21,20.5169,-13.0499,73.9,15,100,6.13
81,Sandwick,GB,2022-01-25 02:17:22,60.0,-1.25,42.62,93,75,14.97
82,Victoria Point,AU,2022-01-25 02:17:22,-27.5833,153.3,88.07,66,78,1.99
83,Zemio,CF,2022-01-25 02:17:22,5.0314,25.1361,69.26,37,83,2.35
84,Northam,GB,2022-01-25 02:17:22,51.0333,-4.2167,42.3,87,93,5.1
85,Udachnyy,RU,2022-01-25 02:17:23,66.4167,112.4,-23.01,100,100,3.85
86,Dikson,RU,2022-01-25 02:17:23,73.5069,80.5464,9.23,87,100,34.61
87,Pokosnoye,RU,2022-01-25 02:17:23,55.5258,101.0536,-1.8,99,100,2.91
88,Fairbanks,US,2022-01-25 02:15:37,64.8378,-147.7164,35.6,77,75,6.91
89,Avarua,CK,2022-01-25 02:17:24,-21.2078,-159.775,80.42,79,2,10.69
90,Coquimbo,CL,2022-01-25 02:17:24,-29.9533,-71.3436,60.53,94,0,6.91
91,Cam Ranh,VN,2022-01-25 02:18:24,11.9214,109.1591,80.56,69,40,5.75
92,Mweka,CD,2022-01-25 02:18:25,-4.85,21.5667,68.02,99,100,0.51
93,Belinskiy,RU,2022-01-25 02:18:25,52.9647,43.4165,1.83,96,55,6.17
94,Ixtapa,MX,2022-01-25 02:18:26,20.7,-105.2,69.22,88,100,8.05
95,Orlik,RU,2022-01-25 02:18:26,52.5178,99.825,-10.68,94,100,2.13
96,Vilyuysk,RU,2022-01-25 02:18:26,63.7553,121.6247,-22.88,100,96,4.03
97,Minudasht,IR,2022-01-25 02:18:27,37.2289,55.3747,39.52,56,0,0.0
98,Kaitangata,NZ,2022-01-25 02:18:27,-46.2817,169.8464,61.56,63,100,5.95
99,Geraldton,AU,2022-01-25 02:18:27,-28.7667,114.6,81.01,34,0,16.11
100,Victoria,HK,2022-01-25 02:14:49,22.2855,114.1577,68.38,85,97,1.99
101,Pierre,US,2022-01-25 02:18:28,44.3683,-100.351,11.32,67,75,8.05
102,Katsuura,JP,2022-01-25 02:18:28,35.1333,140.3,46.44,60,96,9.1
103,Malartic,CA,2022-01-25 02:18:29,48.1335,-78.1328,5.11,86,100,4.38
104,Sinnamary,GF,2022-01-25 02:18:29,5.3833,-52.95,76.32,86,73,8.86
105,Mufumbwe,ZM,2022-01-25 02:18:29,-13.6833,24.8,60.69,95,100,4.25
106,Yerbogachen,RU,2022-01-25 02:18:30,61.2767,108.0108,-10.37,99,100,3.18
107,Krumovgrad,BG,2022-01-25 02:18:30,41.4667,25.65,22.33,69,1,7.96
108,Vitim,RU,2022-01-25 02:18:30,59.4511,112.5578,-2.09,97,100,5.61
109,Ribeira Grande,PT,2022-01-25 02:18:31,38.5167,-28.7,59.16,66,100,4.88
110,Puerto Ayora,EC,2022-01-25 02:18:31,-0.7393,-90.3518,73.56,92,96,8.95
111,Praya,CV,2022-01-25 02:18:31,14.9215,-23.5087,73.94,73,0,17.27
112,Taoudenni,ML,2022-01-25 02:18:31,22.6783,-3.9836,66.7,19,100,6.89
113,Pisco,PE,2022-01-25 02:18:32,-13.7,-76.2167,71.02,78,40,18.41
114,Takhtamygda,RU,2022-01-25 02:18:32,54.1,123.5667,-2.25,86,11,1.16
115,New Norfolk,AU,2022-01-25 02:18:32,-42.7826,147.0587,65.71,40,30,5.26
116,Mareeba,AU,2022-01-25 02:18:33,-17.0,145.4333,87.44,71,100,4.63
117,Mahebourg,MU,2022-01-25 02:18:33,-20.4081,57.7,77.29,61,20,11.5
118,Port Alfred,ZA,2022-01-25 02:18:33,-33.5906,26.891,69.28,87,5,14.94
119,Camalu,MX,2022-01-25 02:18:34,30.85,-116.0667,54.43,58,0,5.95
120,Hermanus,ZA,2022-01-25 02:18:34,-34.4187,19.2345,68.81,91,28,9.71
121,Atuona,PF,2022-01-25 02:15:15,-9.8,-139.0333,78.64,74,14,18.37
122,Nicoya,CR,2022-01-25 02:18:34,10.1483,-85.452,76.55,70,3,7.4
123,Senneterre,CA,2022-01-25 02:17:18,48.3835,-77.2328,5.22,96,100,2.68
124,Nhamunda,BR,2022-01-25 02:18:35,-2.1861,-56.7131,73.96,96,100,2.68
125,Monrovia,LR,2022-01-25 02:14:29,6.3005,-10.7969,77.45,83,89,0.65
126,Chitral,PK,2022-01-25 02:18:35,35.8462,71.7858,20.59,49,2,7.78
127,Flinders,AU,2022-01-25 02:18:36,-34.5833,150.8552,83.05,70,100,5.01
128,Dolinsk,RU,2022-01-25 02:18:36,47.35,142.8,15.66,74,10,7.29
129,Baykit,RU,2022-01-25 02:18:36,61.67,96.37,-14.39,100,85,2.15
130,Peniche,PT,2022-01-25 02:18:37,39.3558,-9.3811,51.28,89,7,11.16
131,Vila Franca Do Campo,PT,2022-01-25 02:18:37,37.7167,-25.4333,59.2,83,82,5.21
132,Georgetown,MY,2022-01-25 02:18:37,5.4112,100.3354,82.33,78,20,4.61
133,Fortuna,US,2022-01-25 02:18:38,40.5982,-124.1573,48.54,91,0,2.86
134,Vysokogornyy,RU,2022-01-25 02:18:38,50.1167,139.15,2.8,87,53,3.98
135,Sile,TR,2022-01-25 02:18:39,41.1754,29.6133,38.57,60,100,8.99
136,Hasaki,JP,2022-01-25 02:18:39,35.7333,140.8333,46.29,53,53,8.88
137,Lebu,CL,2022-01-25 02:18:39,-37.6167,-73.65,58.42,82,0,17.38
138,Alofi,NU,2022-01-25 02:15:15,-19.0595,-169.9187,82.29,78,75,4.61
139,Chirongui,YT,2022-01-25 02:19:40,-12.9319,45.1483,82.33,79,100,14.43
140,Kikwit,CD,2022-01-25 02:19:40,-5.041,18.8162,70.5,96,100,0.34
141,Nelson,NZ,2022-01-25 02:19:41,-41.2833,173.2833,77.81,89,100,1.01
142,Talnakh,RU,2022-01-25 02:19:41,69.4865,88.3972,-6.2,97,98,11.3
143,Kabanjahe,ID,2022-01-25 02:17:04,3.1001,98.4908,66.96,92,99,1.32
144,El Alto,PE,2022-01-25 02:19:41,-4.2714,-81.2147,68.99,86,93,15.28
145,Richards Bay,ZA,2022-01-25 02:19:42,-28.783,32.0377,70.3,85,0,9.1
146,San Patricio,US,2022-01-25 02:19:42,28.017,-97.5169,53.58,92,17,4.59
147,Cherskiy,RU,2022-01-25 02:19:42,68.75,161.3,-32.75,100,100,5.44
148,Dwarka,IN,2022-01-25 02:19:43,22.2394,68.9678,63.05,51,0,7.9
149,Barranca,PE,2022-01-25 02:19:43,-10.75,-77.7667,72.19,78,85,7.36
150,Agirish,RU,2022-01-25 02:19:43,61.9247,63.0231,2.7,99,83,4.52
151,Kieta,PG,2022-01-25 02:19:44,-6.2167,155.6333,86.72,70,100,7.52
152,Saldanha,ZA,2022-01-25 02:19:44,-33.0117,17.9442,64.2,95,14,18.1
153,Princeton,US,2022-01-25 02:17:35,25.5384,-80.4089,57.99,75,0,0.0
154,Hilo,US,2022-01-25 02:19:44,19.7297,-155.09,80.33,60,0,10.36
155,Jiayuguan,CN,2022-01-25 02:19:45,39.8167,98.3,19.35,52,100,3.42
156,Thompson,CA,2022-01-25 02:15:24,55.7435,-97.8558,-18.24,69,0,13.8
157,Hirara,JP,2022-01-25 02:19:45,24.8,125.2833,73.26,68,40,11.5
158,Haines Junction,CA,2022-01-25 02:19:45,60.7522,-137.5108,35.55,69,95,6.91
159,Severo-Kurilsk,RU,2022-01-25 02:19:46,50.6789,156.125,24.53,73,99,7.78
160,Palmer,US,2022-01-25 02:19:46,42.1584,-72.3287,29.84,66,100,5.75
161,Upernavik,GL,2022-01-25 02:19:46,72.7868,-56.1549,-15.32,91,98,10.85
162,Mackenzie,CA,2022-01-25 02:19:47,55.2999,-123.1698,25.02,93,75,5.75
163,Hithadhoo,MV,2022-01-25 02:19:47,-0.6,73.0833,81.34,71,84,14.67
164,Wanning,CN,2022-01-25 02:19:47,18.8003,110.3967,76.01,79,34,5.59
165,Vite,IN,2022-01-25 02:19:48,17.2833,74.55,58.28,54,0,9.1
166,Rognan,NO,2022-01-25 02:19:48,67.0953,15.3878,32.88,86,100,13.58
167,Port Lincoln,AU,2022-01-25 02:15:40,-34.7333,135.8667,77.58,63,0,3.62
168,Butaritari,KI,2022-01-25 02:15:16,3.0707,172.7902,81.16,79,100,17.76
169,Airai,TL,2022-01-25 02:19:48,-8.9266,125.4092,73.94,60,55,3.94
170,Riyadh,SA,2022-01-25 02:19:49,24.6877,46.7219,51.94,51,0,6.78
171,Lasa,IT,2022-01-25 02:19:49,46.6166,10.7002,42.26,67,1,5.5
172,Henties Bay,NA,2022-01-25 02:19:49,-22.116,14.2845,72.86,69,17,4.29
173,Cidreira,BR,2022-01-25 02:19:50,-30.1811,-50.2056,76.41,91,44,15.03
174,Touros,BR,2022-01-25 02:19:50,-5.1989,-35.4608,77.9,79,100,10.2
175,Khatanga,RU,2022-01-25 02:19:50,71.9667,102.5,10.98,91,100,19.48
176,Lorengau,PG,2022-01-25 02:19:51,-2.0226,147.2712,85.78,70,79,8.16
177,Hayden,US,2022-01-25 02:19:51,47.766,-116.7866,31.96,95,0,3.44
178,Iqaluit,CA,2022-01-25 02:19:51,63.7506,-68.5145,-20.47,67,75,3.0
179,Baghdad,IQ,2022-01-25 02:19:52,33.3406,44.4009,37.31,60,1,1.14
180,Port Elizabeth,ZA,2022-01-25 02:19:52,-33.918,25.5701,69.1,88,100,14.97
181,Coihaique,CL,2022-01-25 02:16:26,-45.5752,-72.0662,57.15,54,0,6.91
182,Kavieng,PG,2022-01-25 02:19:52,-2.5744,150.7967,84.94,69,71,5.86
183,Arman,RU,2022-01-25 02:19:53,59.7,150.1667,-11.99,80,28,5.21
184,Yangjiang,CN,2022-01-25 02:19:53,21.85,111.9667,67.95,80,100,8.84
185,Alekseyevsk,RU,2022-01-25 02:20:54,57.8406,108.3492,-4.5,97,100,2.93
186,Mnogovershinnyy,RU,2022-01-25 02:20:54,53.9353,139.9242,1.83,84,23,4.38
187,Auki,SB,2022-01-25 02:20:54,-8.7676,160.7034,85.33,72,100,6.35
188,Esperance,AU,2022-01-25 02:20:54,-33.8667,121.9,68.38,72,83,15.28
189,Cabo San Lucas,MX,2022-01-25 02:20:55,22.8909,-109.9124,70.14,69,20,0.0
190,Codrington,AU,2022-01-25 02:20:55,-38.2667,141.9667,85.24,39,45,17.31
191,Jalu,LY,2022-01-25 02:20:55,29.0331,21.5482,49.03,70,19,5.84
192,Barrow,US,2022-01-25 02:20:56,71.2906,-156.7887,12.22,85,100,13.8
193,Niamey,NE,2022-01-25 02:19:24,13.5137,2.1098,68.29,15,0,13.8
194,Orimattila,FI,2022-01-25 02:20:56,60.8049,25.7296,31.87,85,7,8.08
195,Clyde River,CA,2022-01-25 02:20:56,70.4692,-68.5914,-1.97,78,100,26.46
196,Kodinsk,RU,2022-01-25 02:19:55,58.6881,99.1844,-8.75,100,92,2.51
197,Sibu,MY,2022-01-25 02:20:57,2.3,111.8167,82.71,78,20,4.61
198,Yar-Sale,RU,2022-01-25 02:20:57,66.8333,70.8333,3.13,96,25,13.15
199,Sitka,US,2022-01-25 02:20:57,57.0531,-135.33,44.49,81,100,9.22
200,Makhinjauri,GE,2022-01-25 02:16:18,41.6739,41.694,37.26,93,75,6.91
201,Okhotsk,RU,2022-01-25 02:20:58,59.3833,143.3,-14.06,83,17,9.31
202,Maltahohe,NA,2022-01-25 02:20:58,-24.8333,16.9833,72.05,40,0,8.16
203,Norman Wells,CA,2022-01-25 02:20:58,65.282,-126.8329,12.24,79,75,6.91
204,Erenhot,CN,2022-01-25 02:20:59,43.6475,111.9767,6.75,80,10,10.98
205,Altay,CN,2022-01-25 02:20:59,47.8667,88.1167,-1.14,63,72,7.23
206,Muktsar,IN,2022-01-25 02:20:59,30.4833,74.5167,45.82,92,0,3.06
207,Pacific Grove,US,2022-01-25 02:21:00,36.6177,-121.9166,57.97,81,0,1.99
208,Attingal,IN,2022-01-25 02:21:00,8.6833,76.8333,76.68,81,54,4.36
209,Chuy,UY,2022-01-25 02:21:00,-33.6971,-53.4616,73.62,92,100,6.55
210,Zheleznogorsk-Ilimskiy,RU,2022-01-25 02:21:01,56.5768,104.1217,-3.95,99,100,3.06
211,Mandalgovi,MN,2022-01-25 02:21:01,45.7625,106.2708,1.96,83,6,9.44
212,Labuhan,ID,2022-01-25 02:21:01,-6.8844,112.2051,83.68,76,88,12.88
213,Pevek,RU,2022-01-25 02:21:02,69.7008,170.3133,-16.33,98,100,6.85
214,Niltepec,MX,2022-01-25 02:21:02,16.5667,-94.6167,73.11,76,0,4.21
215,Tezu,IN,2022-01-25 02:21:02,27.9167,96.1667,58.66,64,100,0.63
216,Ancud,CL,2022-01-25 02:16:39,-41.8697,-73.8203,57.42,89,29,4.21
217,Oneida,US,2022-01-25 02:18:27,43.2001,-75.4663,22.19,89,100,1.99
218,Maputo,MZ,2022-01-25 02:21:03,-25.9653,32.5892,73.22,87,40,1.01
219,Tucumcari,US,2022-01-25 02:21:03,35.1717,-103.725,41.94,33,0,6.91
220,Constitucion,CL,2022-01-25 02:21:04,-35.3333,-72.4167,57.45,88,1,12.84
221,Cavalcante,BR,2022-01-25 02:21:04,-13.7975,-47.4583,68.67,84,1,2.3
222,Dongying,CN,2022-01-25 02:20:02,37.4564,118.4856,32.88,46,14,3.33
223,Kruisfontein,ZA,2022-01-25 02:21:04,-34.0033,24.7314,66.88,81,7,8.68
224,Bredasdorp,ZA,2022-01-25 02:21:05,-34.5322,20.0403,68.29,83,91,4.61
225,De Aar,ZA,2022-01-25 02:21:05,-30.6497,24.0123,71.98,42,0,0.98
226,Gornopravdinsk,RU,2022-01-25 02:21:05,60.05,69.9,7.7,99,92,3.94
227,Terra Santa,BR,2022-01-25 02:21:06,-2.1042,-56.4869,73.72,97,100,3.04
228,Ostrovnoy,RU,2022-01-25 02:21:06,68.0531,39.5131,20.44,89,6,12.5
229,Kutum,SD,2022-01-25 02:21:06,14.2,24.6667,55.02,23,3,6.44
230,Sechura,PE,2022-01-25 02:21:06,-5.5569,-80.8222,72.77,77,99,13.02
231,Bojnurd,IR,2022-01-25 02:21:07,37.4747,57.329,19.35,73,0,0.0
232,Kavaratti,IN,2022-01-25 02:21:07,10.5669,72.642,77.56,59,100,8.95
233,Kapit,MY,2022-01-25 02:21:07,2.0167,112.9333,81.91,75,93,0.96
234,Brownsville,US,2022-01-25 02:22:08,25.9018,-97.4975,53.98,91,75,1.01
235,Port Macquarie,AU,2022-01-25 02:20:13,-31.4333,152.9167,77.9,62,100,5.7
236,Samarai,PG,2022-01-25 02:22:08,-10.6167,150.6667,87.06,67,99,6.15
237,Lagoa,PT,2022-01-25 02:22:08,39.05,-27.9833,58.55,69,100,9.55
238,Port Keats,AU,2022-01-25 02:22:09,-14.25,129.55,78.19,88,100,5.12
239,Provideniya,RU,2022-01-25 02:22:09,64.3833,-173.3,5.11,72,100,11.18
240,Ambon,ID,2022-01-25 02:22:09,-3.6954,128.1814,89.74,70,20,5.75
241,Nishihara,JP,2022-01-25 02:22:10,26.1842,127.7558,69.08,64,20,12.66
242,Muisne,EC,2022-01-25 02:22:10,0.6,-80.0333,76.53,89,100,6.4
243,Santa Maria Da Vitoria,BR,2022-01-25 02:22:11,-13.3947,-44.1886,73.78,80,99,1.97
244,Gravdal,NO,2022-01-25 02:22:11,68.1214,13.5031,33.58,64,100,30.96
245,Ust-Tarka,RU,2022-01-25 02:22:11,55.5672,75.705,5.34,91,100,8.63
246,Torbay,CA,2022-01-25 02:22:11,47.6666,-52.7314,33.58,95,100,27.63
247,Taltal,CL,2022-01-25 02:22:12,-25.4,-70.4833,65.57,83,36,1.68
248,Tome,CL,2022-01-25 02:22:12,-36.6167,-72.95,61.41,80,0,7.43
249,Barra Patuca,HN,2022-01-25 02:22:13,15.8,-84.2833,75.42,84,1,8.48
250,Boissevain,CA,2022-01-25 02:22:13,49.2306,-100.0559,-8.9,95,13,9.1
251,Shubarkuduk,KZ,2022-01-25 02:22:13,49.1447,56.4872,-0.31,98,83,7.47
252,Koutiala,ML,2022-01-25 02:22:14,12.3917,-5.4642,68.5,13,51,9.08
253,Malatap,PH,2022-01-25 02:22:14,14.1871,122.5119,80.1,75,100,11.9
254,Porto Novo,BJ,2022-01-25 02:22:14,6.4965,2.6036,76.82,80,3,2.53
255,Hofn,IS,2022-01-25 02:22:15,64.2539,-15.2082,39.74,96,100,18.14
256,Pathein,MM,2022-01-25 02:22:15,16.7833,94.7333,75.07,59,0,4.45
257,Los Llanos De Aridane,ES,2022-01-25 02:22:15,28.6585,-17.9182,60.55,81,75,1.01
258,Tingo Maria,PE,2022-01-25 02:22:16,-9.2895,-76.0088,70.29,98,100,1.77
259,Tongliao,CN,2022-01-25 02:22:16,43.6125,122.2653,10.74,81,49,4.12
260,Kloulklubed,PW,2022-01-25 02:22:16,7.0419,134.2556,82.9,79,94,18.21
261,Belfast,GB,2022-01-25 02:18:54,54.5833,-5.9333,42.62,87,100,4.61
262,Rawson,AR,2022-01-25 02:20:51,-43.3002,-65.1023,70.95,37,0,20.56
263,Bethel,US,2022-01-25 02:22:17,41.3712,-73.414,32.0,80,100,0.0
264,Nuuk,GL,2022-01-25 02:22:17,64.1835,-51.7216,22.87,92,100,15.01
265,Srednekolymsk,RU,2022-01-25 02:22:17,67.45,153.6833,-26.27,98,99,6.87
266,Cairns,AU,2022-01-25 02:22:18,-16.9167,145.7667,92.07,75,100,8.05
267,Ferrol,ES,2022-01-25 02:22:18,43.4832,-8.2369,44.51,84,0,4.7
268,Evensk,RU,2022-01-25 02:22:18,61.95,159.2333,-4.79,85,94,3.76
269,Ilulissat,GL,2022-01-25 02:22:19,69.2167,-51.1,23.02,50,100,12.66
270,Ankazobe,MG,2022-01-25 02:22:19,-18.3167,47.1167,64.81,92,100,6.13
271,Hamilton,US,2022-01-25 02:20:43,39.1834,-84.5333,39.42,93,100,1.01
272,Marion,US,2022-01-25 02:21:47,39.7684,-86.1555,34.12,78,100,13.8
273,Nguruka,TZ,2022-01-25 02:22:20,-5.1092,31.0419,65.26,95,100,2.77
274,Memphis,US,2022-01-25 02:20:17,35.1495,-90.049,53.11,63,0,8.05
275,Aklavik,CA,2022-01-25 02:22:20,68.2191,-135.0107,21.92,90,100,12.5
276,Beyneu,KZ,2022-01-25 02:22:21,45.3167,55.2,27.39,87,56,14.27
277,Lavrentiya,RU,2022-01-25 02:22:21,65.5833,-171.0,-6.93,97,100,6.71
278,Meadow Lake,US,2022-01-25 02:22:22,34.8014,-106.5436,46.11,37,0,2.77
279,Maroantsetra,MG,2022-01-25 02:22:22,-15.4333,49.7333,72.46,97,100,3.33
280,Musenita,RO,2022-01-25 02:23:22,47.9667,26.0,12.87,93,6,4.23
281,Klaksvik,FO,2022-01-25 02:23:22,62.2266,-6.589,41.92,74,100,18.39
282,Tuktoyaktuk,CA,2022-01-25 02:23:23,69.4541,-133.0374,17.6,93,100,13.8
283,Lata,PT,2022-01-25 02:23:23,40.1629,-8.3327,41.05,84,0,4.59
284,Thabazimbi,ZA,2022-01-25 02:23:24,-24.5917,27.4116,68.9,55,8,3.74
285,Tucson,US,2022-01-25 02:18:25,32.2217,-110.9265,61.3,34,0,1.01
286,Zaraza,VE,2022-01-25 02:23:24,9.3503,-65.3245,74.82,76,92,7.65
287,Tchollire,CM,2022-01-25 02:23:24,8.4022,14.1698,66.67,18,44,1.39
288,Itupiranga,BR,2022-01-25 02:23:25,-5.1347,-49.3267,72.36,96,100,3.13
289,Quatre Cocos,MU,2022-01-25 02:23:25,-20.2078,57.7625,77.11,63,94,17.29
290,Ha Tinh,VN,2022-01-25 02:18:50,18.3333,105.9,73.67,84,41,3.83
291,Dengzhou,CN,2022-01-25 02:23:26,37.8086,120.7508,35.13,67,90,10.36
292,Champerico,GT,2022-01-25 02:23:26,14.3,-91.9167,81.36,68,15,4.38
293,Acapulco,MX,2022-01-25 02:22:37,16.8634,-99.8901,82.22,69,75,9.22
294,Namatanai,PG,2022-01-25 02:23:26,-3.6667,152.4333,84.49,72,95,4.79
295,Sanming,CN,2022-01-25 02:23:27,26.2486,117.6186,55.06,92,100,2.62
296,Kafanchan,NG,2022-01-25 02:23:27,9.5833,8.3,63.88,19,5,7.76
297,Turukhansk,RU,2022-01-25 02:23:27,65.8167,87.9833,-18.94,99,80,4.76
298,Kassala,SD,2022-01-25 02:23:28,15.451,36.4,66.09,81,0,8.81
299,Umm Kaddadah,SD,2022-01-25 02:23:28,13.6017,26.6876,59.25,20,9,15.39
300,Wanaka,NZ,2022-01-25 02:21:07,-44.7,169.15,75.11,30,25,4.25
301,Bahir Dar,ET,2022-01-25 02:23:29,11.5936,37.3908,61.74,49,5,3.87
302,Qostanay,KZ,2022-01-25 02:22:22,53.1667,63.5833,-7.31,77,0,4.47
303,Narsaq,GL,2022-01-25 02:23:29,60.9167,-46.05,26.82,78,100,10.27
304,Rettikhovka,RU,2022-01-25 02:23:29,44.1683,132.7669,15.31,71,13,2.08
305,Tanout,NE,2022-01-25 02:23:30,14.9709,8.8879,54.34,22,0,14.9
306,Kisiwani,TZ,2022-01-25 02:23:30,-4.1333,37.95,68.04,76,95,1.39
307,Port Augusta,AU,2022-01-25 02:23:31,-32.5,137.7667,88.7,43,0,3.67
308,Jibuti,DJ,2022-01-25 02:23:31,11.5,42.5,69.22,78,9,7.81
309,Vardo,NO,2022-01-25 02:23:31,70.3705,31.1107,29.93,81,96,26.51
310,Yulara,AU,2022-01-25 02:23:32,-25.2406,130.9889,91.24,35,5,9.22
311,Tilichiki,RU,2022-01-25 02:23:32,60.4667,166.1,-15.81,91,19,6.62
312,Sao Miguel,BR,2022-01-25 02:23:33,-5.4667,-35.3667,79.12,80,100,10.92
313,Paamiut,GL,2022-01-25 02:23:33,61.994,-49.6678,24.39,87,100,10.16
314,Kununurra,AU,2022-01-25 02:23:33,-15.7667,128.7333,85.98,74,40,9.22
315,Schiffdorf,DE,2022-01-25 02:23:33,53.5333,8.65,39.92,81,100,6.91
316,Mount Isa,AU,2022-01-25 02:23:34,-20.7333,139.5,83.97,65,75,10.36
317,Kudahuvadhoo,MV,2022-01-25 02:23:34,2.6708,72.8944,80.78,60,74,10.8
318,Shimanovsk,RU,2022-01-25 02:23:34,52.0,127.7,-0.74,90,88,0.87
319,Kentau,KZ,2022-01-25 02:23:35,43.5206,68.5094,24.93,76,1,8.25
320,Aegviidu,EE,2022-01-25 02:23:35,59.2858,25.6142,33.75,95,99,7.96
321,Hami,CN,2022-01-25 02:23:35,42.8,93.45,24.01,50,100,5.28
322,Esfarayen,IR,2022-01-25 02:23:36,37.0765,57.5101,17.26,36,0,2.93
323,Etampes,FR,2022-01-25 02:23:36,48.4333,2.15,32.47,98,0,3.2
324,Vila Velha,BR,2022-01-25 02:22:16,-20.3297,-40.2925,75.94,91,40,3.44
325,Roald,NO,2022-01-25 02:23:37,62.5833,6.1333,40.33,60,40,13.8
326,Nanortalik,GL,2022-01-25 02:23:37,60.1432,-45.2371,26.94,62,100,21.23
327,Nouakchott,MR,2022-01-25 02:24:37,18.0858,-15.9785,87.73,28,100,10.98
328,Kismayo,SO,2022-01-25 02:24:38,-0.3582,42.5454,77.22,81,17,17.56
329,Liverpool,GB,2022-01-25 02:24:34,53.4106,-2.9779,37.62,89,100,4.0
330,Gambela,ET,2022-01-25 02:24:38,8.25,34.5833,76.66,40,65,2.53
331,East London,ZA,2022-01-25 02:24:38,-33.0153,27.9116,70.12,79,6,9.55
332,Chara,RU,2022-01-25 02:24:39,56.9064,118.2631,-10.7,82,38,0.51
333,Bengkulu,ID,2022-01-25 02:24:39,-3.8004,102.2655,81.41,71,38,2.86
334,Tessalit,ML,2022-01-25 02:24:39,20.1986,1.0114,59.45,19,100,8.77
335,Daru,PG,2022-01-25 02:24:40,-9.0763,143.2092,79.68,88,100,6.8
336,Vadso,NO,2022-01-25 02:24:40,70.0744,29.7487,22.08,85,93,25.61
337,Kirovskiy,RU,2022-01-25 02:24:40,45.0917,133.5136,10.35,81,46,1.66
338,Lamar,US,2022-01-25 02:24:41,33.6668,-95.5836,49.66,89,99,6.2
339,Padang,ID,2022-01-25 02:24:41,-0.9492,100.3543,80.65,68,66,0.96
340,Sola,VU,2022-01-25 02:24:41,-13.8833,167.55,83.8,74,68,8.19
341,Matadi,CD,2022-01-25 02:24:42,-5.8167,13.45,72.79,93,100,2.68
342,Broome,US,2022-01-25 02:24:42,42.2506,-75.833,23.16,79,100,1.99
343,Shush,IR,2022-01-25 02:24:43,32.1942,48.2436,55.06,33,0,7.54
344,Lisala,CD,2022-01-25 02:24:43,2.15,21.5167,71.37,56,100,2.48
345,Paralimni,CY,2022-01-25 02:24:43,35.0375,33.9833,51.08,60,54,8.99
346,Fare,PF,2022-01-25 02:24:44,-16.7,-151.0167,81.37,73,100,9.69
347,Dandong,CN,2022-01-25 02:24:44,40.1292,124.3947,30.0,44,100,4.21
348,Margate,GB,2022-01-25 02:24:44,51.3813,1.3862,40.91,78,34,4.16
349,Komsomolskiy,UZ,2022-01-25 02:24:45,40.4272,71.7189,29.62,86,100,4.61
350,Statesboro,US,2022-01-25 02:24:45,32.4488,-81.7832,48.51,87,0,0.0
351,Tutoia,BR,2022-01-25 02:24:45,-2.7619,-42.2744,80.58,79,100,11.03
352,Pascagoula,US,2022-01-25 02:24:46,30.3658,-88.5561,50.02,89,75,0.0
353,Arkhipo-Osipovka,RU,2022-01-25 02:24:46,44.37,38.52,37.85,69,100,14.97
354,Bodo,NO,2022-01-25 02:24:46,67.28,14.405,32.77,74,40,27.63
355,Plattsburgh,US,2022-01-25 02:24:47,44.6995,-73.4529,18.68,67,100,1.01
356,Estelle,US,2022-01-25 02:24:47,29.8458,-90.1067,46.45,91,100,4.0
357,Hovd,MN,2022-01-25 02:24:47,48.0056,91.6419,-5.76,71,9,6.24
358,Andros Town,BS,2022-01-25 02:24:48,24.7,-77.7667,66.16,64,1,4.63
359,Saint-Augustin,CA,2022-01-25 02:24:48,51.226,-58.6502,-6.61,100,70,6.08
360,Idlib,SY,2022-01-25 02:24:49,35.9306,36.6339,27.79,91,6,3.94
361,Urumqi,CN,2022-01-25 02:22:02,43.801,87.6005,5.95,92,75,2.24
362,Zabaykalsk,RU,2022-01-25 02:24:49,49.6333,117.3167,2.5,93,92,4.7
363,Worland,US,2022-01-25 02:24:50,44.0169,-107.9554,34.95,73,100,1.01
364,Alice Springs,AU,2022-01-25 02:23:36,-23.7,133.8833,96.22,43,75,1.01
365,Maracaju,BR,2022-01-25 02:24:50,-21.6144,-55.1683,71.51,94,100,5.44
366,Leh,IN,2022-01-25 02:24:50,34.1667,77.5833,-3.33,95,100,3.09
367,Belle Fourche,US,2022-01-25 02:24:51,44.6714,-103.8522,36.25,72,100,3.18
368,Shieli,KZ,2022-01-25 02:24:51,44.1667,66.75,23.47,92,6,5.32
369,Youhao,CN,2022-01-25 02:24:51,47.8667,128.8333,8.17,85,100,0.74
370,Thayetmyo,MM,2022-01-25 02:25:52,19.3167,95.1833,70.88,55,12,3.76
371,Bathsheba,BB,2022-01-25 02:25:52,13.2167,-59.5167,75.81,73,20,16.11
372,Metro,ID,2022-01-25 02:25:52,-5.1131,105.3067,81.1,77,88,6.58
373,Alto Araguaia,BR,2022-01-25 02:25:53,-17.3147,-53.2153,71.22,90,27,2.33
374,Eyl,SO,2022-01-25 02:25:53,7.9803,49.8164,70.66,73,41,17.11
375,Ibaiti,BR,2022-01-25 02:25:53,-23.8486,-50.1878,71.47,61,38,5.55
376,Xinan,CN,2022-01-25 02:25:54,26.72,119.8556,53.35,89,99,3.33
377,Darhan,MN,2022-01-25 02:25:54,49.4867,105.9228,-0.76,96,95,5.03
378,Uromi,NG,2022-01-25 02:25:54,6.7,6.3333,68.5,42,0,2.57
379,Ornskoldsvik,SE,2022-01-25 02:25:55,63.2909,18.7153,33.62,74,20,12.66
380,Fallon,US,2022-01-25 02:24:59,39.4735,-118.7774,41.27,54,75,3.44
381,Tromso,NO,2022-01-25 02:25:55,69.6496,18.957,30.22,74,75,4.0
382,Ouahigouya,BF,2022-01-25 02:25:56,13.5828,-2.4216,64.31,15,10,9.98
383,Atocha,BO,2022-01-25 02:25:56,-20.9333,-66.2333,43.77,90,100,4.43
384,Grand Gaube,MU,2022-01-25 02:25:56,-20.0064,57.6608,77.4,65,66,1.01
385,Nchelenge,ZM,2022-01-25 02:25:57,-9.3451,28.734,66.81,93,100,5.01
386,Byron Bay,AU,2022-01-25 02:25:57,-28.65,153.6167,82.87,64,100,7.54
387,Sisimiut,GL,2022-01-25 02:25:57,66.9395,-53.6735,22.75,78,100,28.3
388,Banda Aceh,ID,2022-01-25 02:25:58,5.5577,95.3222,79.66,77,67,4.9
389,Pasinler,TR,2022-01-25 02:25:58,39.9803,41.6764,16.79,96,99,2.15
390,Saluzzo,IT,2022-01-25 02:25:58,44.6464,7.4862,39.13,93,0,1.14
391,Netivot,IL,2022-01-25 02:25:59,31.4222,34.5886,41.61,82,1,8.93
392,Katherine,AU,2022-01-25 02:25:59,-14.4667,132.2667,84.52,70,100,11.5
393,Whyalla,AU,2022-01-25 02:25:59,-33.0333,137.5833,80.49,78,75,8.05
394,Souillac,MU,2022-01-25 02:26:00,-20.5167,57.5167,77.38,61,20,11.5
395,Krasnokamensk,RU,2022-01-25 02:26:00,50.0979,118.0369,4.24,93,98,2.1
396,Preobrazheniye,RU,2022-01-25 02:26:00,42.9019,133.9064,27.12,37,99,2.17
397,Mariental,NA,2022-01-25 02:26:01,-24.6333,17.9667,74.75,37,0,8.41
398,Petropavlovsk-Kamchatskiy,RU,2022-01-25 02:23:28,53.0452,158.6483,14.59,53,75,6.71
399,Mbanza-Ngungu,CD,2022-01-25 02:26:01,-5.25,14.8667,65.61,94,100,5.95
400,Keti Bandar,PK,2022-01-25 02:26:01,24.1447,67.4497,60.17,32,0,6.69
401,Ahtopol,BG,2022-01-25 02:26:02,42.1,27.95,21.67,61,31,18.88
402,Togul,RU,2022-01-25 02:26:02,53.465,85.9128,-17.1,100,80,1.81
403,Sosnovo-Ozerskoye,RU,2022-01-25 02:26:03,52.5249,111.5418,0.32,94,99,7.38
404,Leningradskiy,RU,2022-01-25 02:26:03,69.3833,178.4167,-12.24,89,100,16.58
405,Burgeo,CA,2022-01-25 02:26:03,47.6167,-57.6152,29.88,97,100,11.48
406,San Cristobal,VE,2022-01-25 02:26:04,7.7669,-72.225,73.58,77,46,0.58
407,Longyearbyen,SJ,2022-01-25 02:26:04,78.2186,15.6401,21.04,79,40,31.07
408,Diu,IN,2022-01-25 02:26:04,20.7141,70.9822,57.18,48,0,11.07
409,Miles City,US,2022-01-25 02:26:05,46.4083,-105.8406,31.51,86,100,14.97
410,Solnechnyy,RU,2022-01-25 02:27:05,50.7214,136.6319,1.0,90,23,3.0
411,Poum,NC,2022-01-25 02:27:05,-20.2333,164.0167,79.83,73,4,14.5
412,Sawakin,SD,2022-01-25 02:27:05,19.1059,37.3321,69.49,67,49,11.1
413,Seoul,KR,2022-01-25 02:24:12,37.5683,126.9778,38.77,87,100,6.91
414,College,US,2022-01-25 02:25:21,64.8569,-147.8028,35.58,78,75,3.44
415,Kapoeta,SS,2022-01-25 02:27:06,4.7717,33.5903,79.29,33,37,3.91
416,Leeton,AU,2022-01-25 02:27:06,-34.5667,146.4,84.25,48,40,10.36
417,Ambanja,MG,2022-01-25 02:27:07,-13.6833,48.45,72.79,90,100,4.76
418,Paysandu,UY,2022-01-25 02:27:07,-32.3214,-58.0756,77.61,77,88,3.87
419,Comodoro Rivadavia,AR,2022-01-25 02:23:04,-45.8667,-67.5,75.06,23,0,14.97
420,Payo,ID,2022-01-25 02:27:07,-3.7508,103.6372,80.47,77,83,2.64
421,Bakonycsernye,HU,2022-01-25 02:27:08,47.324,18.0751,23.92,89,20,3.4
422,Vostok,RU,2022-01-25 02:27:08,46.4856,135.8833,8.55,88,78,0.74
423,Port Hardy,CA,2022-01-25 02:27:08,50.6996,-127.4199,44.76,93,100,4.61
424,Greenwood,US,2022-01-25 02:27:09,34.1668,-82.1165,47.64,72,0,6.91
425,Point Fortin,TT,2022-01-25 02:27:09,10.1833,-61.6833,77.14,84,30,14.05
426,Pinega,RU,2022-01-25 02:27:09,64.7001,43.3936,28.31,94,100,12.01
427,Nicolas Bravo,MX,2022-01-25 02:27:10,18.45,-88.9167,69.1,99,10,2.84
428,Payson,US,2022-01-25 02:27:10,40.0444,-111.7321,38.26,73,0,0.0
429,Benjamin Constant,BR,2022-01-25 02:27:10,-4.3831,-70.0311,77.13,96,99,1.03
430,Saint-Georges,GD,2022-01-25 02:27:10,12.0564,-61.7485,76.68,83,20,13.8
431,Gberia Fotombu,SL,2022-01-25 02:27:11,9.8833,-11.1667,70.36,18,100,5.97
432,Kon Tum,VN,2022-01-25 02:27:11,14.35,108.0,76.77,64,30,1.74
433,Benguela,AO,2022-01-25 02:27:11,-12.5763,13.4055,77.61,77,100,4.05
434,Marzuq,YE,2022-01-25 02:27:12,14.4,46.4667,59.83,40,100,3.06
435,Bira,RU,2022-01-25 02:27:12,49.0,132.4667,4.6,82,77,0.89
436,Guarapari,BR,2022-01-25 02:27:13,-20.6667,-40.4975,75.88,89,59,6.08
437,Vinh Yen,VN,2022-01-25 02:27:13,21.31,105.5967,67.95,91,100,6.85
438,Rocha,UY,2022-01-25 02:27:13,-34.4833,-54.3333,71.33,98,56,5.1
439,Faanui,PF,2022-01-25 02:27:13,-16.4833,-151.75,81.21,73,100,9.01
440,Cayenne,GF,2022-01-25 02:27:14,4.9333,-52.3333,74.08,90,100,4.61
441,Kemijarvi,FI,2022-01-25 02:27:14,66.7131,27.4306,22.01,78,51,9.35
442,Koslan,RU,2022-01-25 02:27:14,63.4564,48.8989,24.62,91,100,12.53
443,Belyy,RU,2022-01-25 02:27:15,55.8402,32.9419,8.85,91,81,8.08
444,Tommot,RU,2022-01-25 02:27:15,58.9564,126.2925,4.08,94,100,6.73
445,Shyryayeve,UA,2022-01-25 02:27:15,47.3805,30.1964,21.09,90,100,15.28
446,Paracuru,BR,2022-01-25 02:24:00,-3.41,-39.0306,81.1,83,100,6.33
447,Yakeshi,CN,2022-01-25 02:27:16,49.2833,120.7333,1.44,94,100,4.27
448,Varhaug,NO,2022-01-25 02:27:16,58.6147,5.6457,41.49,85,28,12.33
449,Viedma,AR,2022-01-25 02:27:17,-40.8135,-62.9967,67.17,42,0,12.48
450,Santiago,CL,2022-01-25 02:22:19,-33.4569,-70.6483,75.85,36,0,9.22
451,Ranot,TH,2022-01-25 02:27:17,7.7777,100.3213,80.94,71,97,7.38
452,Tsabong,BW,2022-01-25 02:27:17,-26.0217,22.401,72.28,38,6,5.97
453,Shumskiy,RU,2022-01-25 02:27:18,54.8318,99.1328,5.27,97,99,1.74
454,Biak,ID,2022-01-25 02:27:18,-0.9131,122.8766,84.47,64,39,3.18
455,Bay Roberts,CA,2022-01-25 02:27:18,47.5999,-53.2648,34.52,90,100,10.0
456,Bereda,ES,2022-01-25 02:27:19,43.2686,-7.5406,34.41,97,0,1.14
457,Santo Amaro,BR,2022-01-25 02:27:19,-12.5467,-38.7119,78.84,92,98,2.77
458,Portsoy,GB,2022-01-25 02:28:19,57.6814,-2.6896,47.17,76,100,13.0
459,Johnson City,US,2022-01-25 02:28:20,36.3134,-82.3535,37.71,73,75,0.0
460,Oistins,BB,2022-01-25 02:28:20,13.0667,-59.5333,75.29,73,20,16.11
461,Te Anau,NZ,2022-01-25 02:24:54,-45.4167,167.7167,68.16,49,100,3.89
462,Medicine Hat,CA,2022-01-25 02:25:43,50.0501,-110.6683,33.51,87,100,1.01
463,Aktash,RU,2022-01-25 02:28:20,50.3,87.7333,-23.57,87,65,4.92
464,Trairi,BR,2022-01-25 02:28:21,-3.2778,-39.2689,77.27,83,100,5.17
465,Sibiti,CG,2022-01-25 02:28:21,-3.6819,13.3499,69.33,98,100,2.3
466,Beringovskiy,RU,2022-01-25 02:28:21,63.05,179.3167,-19.66,91,17,5.82
467,Severnyy,RU,2022-01-25 02:28:22,50.677,36.5532,17.64,86,75,4.47
468,Boende,CD,2022-01-25 02:28:22,-0.2167,20.8667,75.54,76,100,1.88
469,Namibe,AO,2022-01-25 02:28:22,-15.1961,12.1522,75.27,83,36,4.12
470,Dong Hoi,VN,2022-01-25 02:28:23,17.4833,106.6,73.18,85,15,6.22
471,Ballina,AU,2022-01-25 02:28:23,-28.8667,153.5667,82.58,75,100,9.22
472,Lake Station,US,2022-01-25 02:28:23,41.575,-87.2389,21.61,76,75,1.01
473,Isangel,VU,2022-01-25 02:28:24,-19.55,169.2667,86.11,84,75,2.3
474,Nizhniy Kuranakh,RU,2022-01-25 02:28:24,58.8353,125.4869,2.03,95,100,3.33
475,Fernley,US,2022-01-25 02:26:30,39.608,-119.2518,48.02,50,77,3.0
476,Kushmurun,KZ,2022-01-25 02:28:24,52.4503,64.6311,-0.6,88,100,6.6
477,Luanda,AO,2022-01-25 02:28:19,-8.8368,13.2343,75.13,86,100,5.73
478,Bilibino,RU,2022-01-25 02:28:25,68.0546,166.4372,-44.63,100,89,1.79
479,Mana,GF,2022-01-25 02:28:25,5.6592,-53.7767,77.05,82,64,8.95
480,Sorong,ID,2022-01-25 02:28:25,-0.8833,131.25,84.76,72,100,10.63
481,Suifenhe,CN,2022-01-25 02:28:26,44.4,131.1667,16.02,64,57,1.28
482,Bulungu,CD,2022-01-25 02:28:26,-4.55,18.6,69.93,97,100,1.74
483,Urucara,BR,2022-01-25 02:28:26,-2.5364,-57.76,74.05,98,100,2.77
484,Bilma,NE,2022-01-25 02:28:27,18.6853,12.9164,53.65,29,0,11.12
485,Lucapa,AO,2022-01-25 02:28:27,-8.4192,20.7447,65.44,98,100,3.89
486,Laramie,US,2022-01-25 02:24:59,41.3114,-105.5911,28.85,74,63,2.51
487,Babusnica,RS,2022-01-25 02:28:28,43.0597,22.4117,14.16,98,100,1.77
488,Hun,LY,2022-01-25 02:28:28,29.1268,15.9477,45.21,78,7,5.53
489,Shingu,JP,2022-01-25 02:28:28,33.7333,135.9833,50.99,56,28,3.85
490,Aykhal,RU,2022-01-25 02:28:28,66.0,111.5,-15.93,100,100,4.14
491,Kralendijk,BQ,2022-01-25 02:28:29,12.15,-68.2667,78.78,78,20,11.5
492,Ushtobe,KZ,2022-01-25 02:28:29,45.2514,77.9838,18.81,94,93,5.5
493,Nemuro,JP,2022-01-25 02:28:29,43.3236,145.575,25.23,65,55,11.99
494,Tobol,KZ,2022-01-25 02:28:30,52.6844,62.5794,3.54,87,100,3.31
495,Sembe,CG,2022-01-25 02:28:30,1.6481,14.5806,70.81,47,98,2.33
496,Codajas,BR,2022-01-25 02:28:30,-3.8367,-62.0569,74.12,98,100,2.75
497,Vilhena,BR,2022-01-25 02:28:31,-12.7406,-60.1458,71.08,86,95,2.06
498,Ketchikan,US,2022-01-25 02:28:31,55.3422,-131.6461,39.67,93,100,5.75
499,Esil,KZ,2022-01-25 02:28:31,51.9556,66.4042,-5.48,95,100,0.65
500,Alta Floresta,BR,2022-01-25 02:28:31,-9.8756,-56.0861,71.73,92,67,3.06
501,Volya,RU,2022-01-25 02:28:32,51.7651,39.5404,10.49,99,97,3.56
502,Contai,IN,2022-01-25 02:29:32,21.7786,87.7536,65.32,85,0,7.74
503,Tura,IN,2022-01-25 02:29:32,25.5198,90.2201,57.96,83,100,1.79
504,Marathon,US,2022-01-25 02:29:33,44.9,-89.7668,7.84,69,0,8.05
505,Zhob,PK,2022-01-25 02:29:33,31.3411,69.4481,33.91,52,0,2.08
506,Chongoyape,PE,2022-01-25 02:29:34,-6.6406,-79.3892,75.67,72,100,3.85
507,Manokwari,ID,2022-01-25 02:29:34,-0.8667,134.0833,83.64,71,98,3.2
508,Tateyama,JP,2022-01-25 02:29:34,34.9833,139.8667,47.1,60,97,6.46
509,Ouegoa,NC,2022-01-25 02:29:35,-20.35,164.4333,85.66,59,7,1.41
510,Balkanabat,TM,2022-01-25 02:29:35,39.5108,54.3671,41.07,44,0,3.31
511,Cap Malheureux,MU,2022-01-25 02:29:35,-19.9842,57.6142,77.49,65,54,1.99
512,Hobara,JP,2022-01-25 02:29:35,37.8167,140.55,43.57,55,22,2.15
513,Guerrero Negro,MX,2022-01-25 02:29:36,27.9769,-114.0611,61.81,66,0,11.01
514,Capitao Poco,BR,2022-01-25 02:29:36,-1.7464,-47.0594,72.54,95,100,3.71
515,Rundu,NA,2022-01-25 02:29:36,-17.9333,19.7667,67.89,54,80,2.06
516,El Real De Santa Maria,PA,2022-01-25 02:29:37,8.109,-77.7325,72.25,96,78,1.61
517,Mayumba,GA,2022-01-25 02:29:37,-3.432,10.6554,75.92,89,78,1.57
518,Cururupu,BR,2022-01-25 02:29:37,-1.8283,-44.8683,74.89,93,99,3.27
519,Pirogovo,RU,2022-01-25 02:29:38,56.7796,53.1495,-4.34,100,100,3.76
520,Avera,US,2022-01-25 02:29:38,33.194,-82.5271,49.87,67,100,6.53
521,Qinhuangdao,CN,2022-01-25 02:29:38,39.9317,119.5883,27.77,66,100,1.03
522,Portree,GB,2022-01-25 02:29:39,57.4129,-6.1942,46.53,96,98,14.56
523,Ola,RU,2022-01-25 02:29:39,59.5833,151.2833,-10.86,82,31,5.59
524,Nanfeng,CN,2022-01-25 02:29:39,23.7434,111.7959,57.0,73,98,2.71
525,Pokhara,NP,2022-01-25 02:29:40,28.2333,83.9833,50.47,45,85,4.68
526,Kachug,RU,2022-01-25 02:29:40,53.9606,105.8817,-4.59,98,100,2.21
527,Acari,PE,2022-01-25 02:29:40,-15.4311,-74.6158,73.38,81,55,4.9
528,San Jose,US,2022-01-25 02:26:25,37.3394,-121.895,57.11,71,20,1.99
529,Sept-Iles,CA,2022-01-25 02:25:33,50.2001,-66.3821,-2.94,71,40,5.75
530,Stranda,NO,2022-01-25 02:29:41,62.3096,6.9358,39.78,96,96,3.22
531,Hatillo,PR,2022-01-25 02:29:41,18.4863,-66.8254,75.92,83,7,1.01
532,Naze,JP,2022-01-25 02:29:42,28.3667,129.4833,59.92,73,84,15.7
533,Aksu,CN,2022-01-25 02:29:42,41.1231,80.2644,20.48,64,0,0.43
534,Haikou,CN,2022-01-25 02:29:43,20.0458,110.3417,71.73,94,75,13.42
535,Sao Filipe,CV,2022-01-25 02:29:43,14.8961,-24.4956,74.98,65,43,4.12
536,Tekeli,KZ,2022-01-25 02:29:43,44.83,78.8239,14.11,78,98,7.43
537,Pimenteiras,BR,2022-01-25 02:29:44,-6.2453,-41.4192,71.01,77,27,1.19
538,Lompoc,US,2022-01-25 02:27:25,34.6391,-120.4579,58.1,82,0,10.36
539,Roebourne,AU,2022-01-25 02:29:44,-20.7833,117.1333,89.53,62,11,12.59
540,Dubai,AE,2022-01-25 02:25:02,25.2582,55.3047,65.21,67,40,3.44
541,Wajima,JP,2022-01-25 02:29:45,37.4,136.9,39.88,60,75,3.44
542,Deputatskiy,RU,2022-01-25 02:29:45,69.3,139.9,-15.47,96,100,4.72
543,Handan,CN,2022-01-25 02:29:45,36.6006,114.4678,36.01,73,52,1.23
544,Tsumeb,NA,2022-01-25 02:25:19,-19.2333,17.7167,60.35,38,78,8.08
545,Yeppoon,AU,2022-01-25 02:29:46,-23.1333,150.7333,87.58,62,100,7.49
546,Dillon,US,2022-01-25 02:29:46,34.4166,-79.3712,43.63,72,98,6.64
547,Marystown,CA,2022-01-25 02:29:46,47.1666,-55.1483,36.86,100,100,1.99
548,Daloa,CI,2022-01-25 02:30:47,6.8774,-6.4502,65.01,31,48,1.23
549,Seminole,US,2022-01-25 02:30:47,28.7086,-81.2081,54.63,75,94,0.65
550,Magan,ES,2022-01-25 02:30:48,39.9683,-3.931,47.01,80,6,9.55
551,Mogzon,RU,2022-01-25 02:30:48,51.7435,111.9606,4.89,87,100,5.95
552,Areka,ET,2022-01-25 02:30:49,7.0667,37.7,58.01,66,100,5.59
553,Roanoke Rapids,US,2022-01-25 02:30:49,36.4615,-77.6542,38.19,86,0,3.44
554,Saint George,US,2022-01-25 02:26:25,37.1041,-113.5841,54.19,36,0,3.44
555,Maridi,SS,2022-01-25 02:30:49,4.9158,29.4742,71.58,35,100,2.17
556,Tabory,RU,2022-01-25 02:30:50,58.5198,64.5495,16.81,95,100,8.41
557,Kasongo-Lunda,CD,2022-01-25 02:30:50,-6.4667,16.8167,69.08,98,100,0.89
558,Nyurba,RU,2022-01-25 02:30:50,63.2842,118.3319,-19.05,100,89,2.35
559,Naryan-Mar,RU,2022-01-25 02:30:51,67.6713,53.087,28.94,96,100,19.24
560,Bambanglipuro,ID,2022-01-25 02:30:51,-7.95,110.2833,73.6,73,77,11.95
561,Ahipara,NZ,2022-01-25 02:30:52,-35.1667,173.1667,77.76,70,58,7.56
562,Gunjur,GM,2022-01-25 02:30:52,13.2019,-16.7339,75.27,43,100,0.0
563,Canaries,ES,2022-01-25 02:30:52,28.0,-15.5,55.4,88,75,10.36
564,Asau,RO,2022-01-25 02:30:53,46.4333,26.4,13.95,81,20,5.73
565,Ambilobe,MG,2022-01-25 02:30:53,-13.2,49.05,71.06,94,100,0.76
566,Arlit,NE,2022-01-25 02:30:54,18.7369,7.3853,54.64,23,6,7.85
567,Tual,ID,2022-01-25 02:30:54,-5.6667,132.75,84.0,77,76,13.49
568,Valdivia,CL,2022-01-25 02:30:54,-39.8142,-73.2459,54.23,85,71,3.15
569,Mahina,PF,2022-01-25 02:30:55,-17.5065,-149.489,85.77,66,40,17.27
570,Matara,LK,2022-01-25 02:30:55,5.9485,80.5353,76.5,66,81,6.53
571,Soyo,AO,2022-01-25 02:30:55,-6.1349,12.3689,75.74,86,71,4.88
572,Akyab,MM,2022-01-25 02:30:56,20.15,92.9,75.22,64,58,4.76
573,Van Buren,US,2022-01-25 02:30:56,35.4368,-94.3483,51.4,60,0,3.44
574,Enid,US,2022-01-25 02:30:56,36.3956,-97.8784,48.07,47,40,5.01
575,Mitsamiouli,KM,2022-01-25 02:30:57,-11.3847,43.2844,82.18,76,97,18.07
576,Harper,LR,2022-01-25 02:30:57,4.375,-7.7169,76.21,85,16,1.5
577,San Quintin,MX,2022-01-25 02:30:57,30.4833,-115.95,59.38,66,2,5.99
578,Madimba,TZ,2022-01-25 02:30:58,-10.4,40.3333,80.01,81,75,15.23
579,Ipameri,BR,2022-01-25 02:30:58,-17.7219,-48.1597,70.83,67,54,5.23
580,Miraflores,MX,2022-01-25 02:30:58,19.2167,-98.8083,61.45,64,99,3.53
581,Kamenka,RU,2022-01-25 02:30:59,51.3223,42.7678,13.75,96,100,5.93
582,Burgos,ES,2022-01-25 02:30:59,42.3394,-3.7079,23.41,93,0,1.14
583,Bubaque,GW,2022-01-25 02:30:59,11.2833,-15.8333,79.56,56,100,8.1
